Workbook

Sheet Summary
A1: StockFlow Manual Test Cases
A3: Metric | B3: Value | C3: Notes | E3: Module | F3: Total | G3: High | H3: Medium/Low
A4: Total Test Cases | B4: =COUNTA('Manual Test Cases'!A2:A1000) -> 129 | C4: All manual test cases | E4: Authentication | F4: =COUNTIF('Manual Test Cases'!E:E,E4) -> 14 | G4: =COUNTIFS('Manual Test Cases'!E:E,E4,'Manual Test Cases'!N:N,"High") -> 13 | H4: =COUNTIF('Manual Test Cases'!E:E,E4)-G4 -> 1
A5: High Priority | B5: =COUNTIF('Manual Test Cases'!N2:N1000,"High") -> 82 | C5: Must execute first | E5: Dashboard | F5: =COUNTIF('Manual Test Cases'!E:E,E5) -> 9 | G5: =COUNTIFS('Manual Test Cases'!E:E,E5,'Manual Test Cases'!N:N,"High") -> 1 | H5: =COUNTIF('Manual Test Cases'!E:E,E5)-G5 -> 8
A6: Medium Priority | B6: =COUNTIF('Manual Test Cases'!N2:N1000,"Medium") -> 41 | E6: Inventory Report | F6: =COUNTIF('Manual Test Cases'!E:E,E6) -> 11 | G6: =COUNTIFS('Manual Test Cases'!E:E,E6,'Manual Test Cases'!N:N,"High") -> 6 | H6: =COUNTIF('Manual Test Cases'!E:E,E6)-G6 -> 5
A7: Low Priority | B7: =COUNTIF('Manual Test Cases'!N2:N1000,"Low") -> 6 | E7: Product Management | F7: =COUNTIF('Manual Test Cases'!E:E,E7) -> 30 | G7: =COUNTIFS('Manual Test Cases'!E:E,E7,'Manual Test Cases'!N:N,"High") -> 21 | H7: =COUNTIF('Manual Test Cases'!E:E,E7)-G7 -> 9
A8: Not Run | B8: =COUNTIF('Manual Test Cases'!M2:M1000,"Not Run") -> 129 | C8: Initial status | E8: Role-Based Access | F8: =COUNTIF('Manual Test Cases'!E:E,E8) -> 12 | G8: =COUNTIFS('Manual Test Cases'!E:E,E8,'Manual Test Cases'!N:N,"High") -> 12 | H8: =COUNTIF('Manual Test Cases'!E:E,E8)-G8 -> 0
A9: Pass | B9: =COUNTIF('Manual Test Cases'!M2:M1000,"Pass") -> 0 | E9: Stock-In | F9: =COUNTIF('Manual Test Cases'!E:E,E9) -> 15 | G9: =COUNTIFS('Manual Test Cases'!E:E,E9,'Manual Test Cases'!N:N,"High") -> 12 | H9: =COUNTIF('Manual Test Cases'!E:E,E9)-G9 -> 3
A10: Fail | B10: =COUNTIF('Manual Test Cases'!M2:M1000,"Fail") -> 0 | E10: Stock-Out | F10: =COUNTIF('Manual Test Cases'!E:E,E10) -> 17 | G10: =COUNTIFS('Manual Test Cases'!E:E,E10,'Manual Test Cases'!N:N,"High") -> 16 | H10: =COUNTIF('Manual Test Cases'!E:E,E10)-G10 -> 1
A11: Blocked | B11: =COUNTIF('Manual Test Cases'!M2:M1000,"Blocked") -> 0 | E11: Transaction History | F11: =COUNTIF('Manual Test Cases'!E:E,E11) -> 11 | G11: =COUNTIFS('Manual Test Cases'!E:E,E11,'Manual Test Cases'!N:N,"High") -> 0 | H11: =COUNTIF('Manual Test Cases'!E:E,E11)-G11 -> 11
E12: UI and Validation | F12: =COUNTIF('Manual Test Cases'!E:E,E12) -> 10 | G12: =COUNTIFS('Manual Test Cases'!E:E,E12,'Manual Test Cases'!N:N,"High") -> 1 | H12: =COUNTIF('Manual Test Cases'!E:E,E12)-G12 -> 9

Sheet Manual Test Cases
A1: Test Case ID | B1: Scenario ID | C1: Requirement ID | D1: Business Rule ID | E1: Module | F1: Test Case Title | G1: Test Technique | H1: Preconditions | I1: Test Steps | J1: Test Data | K1: Expected Result | L1: Actual Result | M1: Status | N1: Priority | O1: Test Type | P1: Environment | Q1: Notes
A2: TC-001 | B2: TS-AUTH-001 | C2: FR-AUTH-001 | E2: Authentication | F2: Verify login page is displayed | G2: Use Case Testing | H2: Application is running; user is on Login page | I2: 1. Open frontend URL 2. Observe login page | J2: URL: http://localhost:3000/login | K2: Login page displays username field, password field, Login button, and demo account information. | M2: Not Run | N2: High | O2: UI | P2: Chrome / Local
A3: TC-002 | B3: TS-AUTH-002 | C3: FR-AUTH-001 | E3: Authentication | F3: Verify Admin can login with valid credentials | G3: Equivalence Partitioning | H3: Application is running; user is on Login page | I3: 1. Enter valid admin username 2. Enter valid password 3. Click Login | J3: username=admin password=123456 | K3: Login succeeds. User is redirected to Dashboard. Admin full name and ADMIN role are displayed. | M3: Not Run | N3: High | O3: Positive | P3: Chrome / Local
A4: TC-003 | B4: TS-AUTH-003 | C4: FR-AUTH-001 | E4: Authentication | F4: Verify Staff can login with valid credentials | G4: Equivalence Partitioning | H4: Application is running; user is on Login page | I4: 1. Enter valid staff username 2. Enter valid password 3. Click Login | J4: username=staff password=123456 | K4: Login succeeds. User is redirected to Dashboard. Staff full name and STAFF role are displayed. | M4: Not Run | N4: High | O4: Positive | P4: Chrome / Local
A5: TC-004 | B5: TS-AUTH-004 | C5: FR-AUTH-001 | E5: Authentication | F5: Verify login fails with invalid username | G5: Equivalence Partitioning | H5: Application is running; user is on Login page | I5: 1. Enter invalid username 2. Enter valid password 3. Click Login | J5: username=wrong_user password=123456 | K5: Login fails. Error message is displayed. User remains on Login page. | M5: Not Run | N5: High | O5: Negative | P5: Chrome / Local
A6: TC-005 | B6: TS-AUTH-005 | C6: FR-AUTH-001 | E6: Authentication | F6: Verify login fails with invalid password | G6: Equivalence Partitioning | H6: Application is running; user is on Login page | I6: 1. Enter valid username 2. Enter invalid password 3. Click Login | J6: username=admin password=wrongpass | K6: Login fails. Error message is displayed. User remains on Login page. | M6: Not Run | N6: High | O6: Negative | P6: Chrome / Local
A7: TC-006 | B7: TS-AUTH-006 | C7: FR-AUTH-001 | E7: Authentication | F7: Verify username is required | G7: Validation Testing | H7: Application is running; user is on Login page | I7: 1. Leave username empty 2. Enter password 3. Click Login | J7: username=<empty> password=123456 | K7: Validation message for username required is displayed. Login request is not submitted. | M7: Not Run | N7: High | O7: Validation | P7: Chrome / Local
A8: TC-007 | B8: TS-AUTH-006 | C8: FR-AUTH-001 | E8: Authentication | F8: Verify password is required | G8: Validation Testing | H8: Application is running; user is on Login page | I8: 1. Enter username 2. Leave password empty 3. Click Login | J8: username=admin password=<empty> | K8: Validation message for password required is displayed. Login request is not submitted. | M8: Not Run | N8: High | O8: Validation | P8: Chrome / Local
A9: TC-008 | B9: TS-AUTH-006 | C9: FR-AUTH-001 | E9: Authentication | F9: Verify username and password are both required | G9: Validation Testing | H9: Application is running; user is on Login page | I9: 1. Leave username empty 2. Leave password empty 3. Click Login | J9: username=<empty> password=<empty> | K9: Required validation messages are displayed for both fields. | M9: Not Run | N9: High | O9: Validation | P9: Chrome / Local
A10: TC-009 | B10: TS-AUTH-004 | C10: FR-AUTH-001 | E10: Authentication | F10: Verify login with blank spaces is rejected | G10: Error Guessing | H10: Application is running; user is on Login page | I10: 1. Enter spaces in username 2. Enter password 3. Click Login | J10: username=' ' password=123456 | K10: Login is rejected or validation message is displayed. User is not logged in. | M10: Not Run | N10: Medium | O10: Negative | P10: Chrome / Local
A11: TC-010 | B11: TS-AUTH-004 | C11: FR-AUTH-001 | E11: Authentication | F11: Verify login with SQL injection-like username is rejected | G11: Error Guessing | H11: Application is running; user is on Login page | I11: 1. Enter SQL injection-like text in username 2. Enter password 3. Click Login | J11: username=' OR '1'='1 password=123456 | K11: Login is rejected. System does not crash or bypass authentication. | M11: Not Run | N11: High | O11: Security | P11: Chrome / Local
A12: TC-011 | B12: TS-AUTH-007 | C12: FR-AUTH-002 | E12: Authentication | F12: Verify logged-in user can logout successfully | G12: State Transition Testing | H12: User is logged in as Admin or Staff | I12: 1. Click Logout 2. Confirm user is redirected | J12: admin / 123456 | K12: User is logged out. Auth data is cleared. User is redirected to Login page. | M12: Not Run | N12: High | O12: Functional | P12: Chrome / Local
A13: TC-012 | B13: TS-AUTH-008 | C13: NFR-SEC-001 | D13: BR-014 | E13: Authentication | F13: Verify unauthenticated user cannot access Dashboard | G13: State Transition Testing | H13: User is not logged in | I13: 1. Clear local storage 2. Open /dashboard directly | J13: URL=/dashboard | K13: User is redirected to Login page. | M13: Not Run | N13: High | O13: Security | P13: Chrome / Local
A14: TC-013 | B14: TS-AUTH-008 | C14: NFR-SEC-001 | D14: BR-014 | E14: Authentication | F14: Verify unauthenticated user cannot access Product List | G14: State Transition Testing | H14: User is not logged in | I14: 1. Clear local storage 2. Open /products directly | J14: URL=/products | K14: User is redirected to Login page. | M14: Not Run | N14: High | O14: Security | P14: Chrome / Local
A15: TC-014 | B15: TS-AUTH-008 | C15: NFR-SEC-004 | D15: BR-014 | E15: Authentication | F15: Verify protected API rejects request without token | G15: API / Security Testing | H15: Postman is available; user has no token | I15: 1. Send GET /api/products without Authorization header | J15: No token | K15: API returns Unauthorized response. No product data is returned. | M15: Not Run | N15: High | O15: Security | P15: Chrome / Local | Q15: Also covered in API test cases later.
A16: TC-015 | B16: TS-DASH-001 | C16: FR-DASH-001 | E16: Dashboard | F16: Verify Dashboard page loads after login | G16: Use Case Testing | H16: User is logged in successfully | I16: 1. Login 2. Open Dashboard 3. Observe summary cards | J16: Existing product data | K16: Dashboard page is displayed without error. | M16: Not Run | N16: Medium | O16: Functional | P16: Chrome / Local
A17: TC-016 | B17: TS-DASH-001 | C17: FR-DASH-001 | E17: Dashboard | F17: Verify Total Products card is displayed | G17: Use Case Testing | H17: User is logged in successfully | I17: 1. Login 2. Open Dashboard 3. Observe summary cards | J17: Existing product data | K17: Total Products card shows numeric value. | M17: Not Run | N17: Medium | O17: Functional | P17: Chrome / Local
A18: TC-017 | B18: TS-DASH-001 | C18: FR-DASH-001 | E18: Dashboard | F18: Verify Active Products card is displayed | G18: Use Case Testing | H18: User is logged in successfully | I18: 1. Login 2. Open Dashboard 3. Observe summary cards | J18: Existing product data | K18: Active Products card shows numeric value. | M18: Not Run | N18: Medium | O18: Functional | P18: Chrome / Local
A19: TC-018 | B19: TS-DASH-001 | C19: FR-DASH-001 | E19: Dashboard | F19: Verify Inactive Products card is displayed | G19: Use Case Testing | H19: User is logged in successfully | I19: 1. Login 2. Open Dashboard 3. Observe summary cards | J19: Existing product data | K19: Inactive Products card shows numeric value. | M19: Not Run | N19: Medium | O19: Functional | P19: Chrome / Local
A20: TC-019 | B20: TS-DASH-001 | C20: FR-DASH-001 | E20: Dashboard | F20: Verify Total Stock Quantity card is displayed | G20: Use Case Testing | H20: User is logged in successfully | I20: 1. Login 2. Open Dashboard 3. Observe summary cards | J20: Existing product data | K20: Total Stock Quantity card shows numeric value. | M20: Not Run | N20: Medium | O20: Functional | P20: Chrome / Local
A21: TC-020 | B21: TS-DASH-001 | C21: FR-DASH-001 | E21: Dashboard | F21: Verify Low-Stock Products card is displayed | G21: Use Case Testing | H21: User is logged in successfully | I21: 1. Login 2. Open Dashboard 3. Observe summary cards | J21: Existing product data | K21: Low-Stock Products card shows numeric value. | M21: Not Run | N21: Medium | O21: Functional | P21: Chrome / Local
A22: TC-021 | B22: TS-DASH-001 | C22: FR-DASH-001 | E22: Dashboard | F22: Verify Out-of-Stock Products card is displayed | G22: Use Case Testing | H22: User is logged in successfully | I22: 1. Login 2. Open Dashboard 3. Observe summary cards | J22: Existing product data | K22: Out-of-Stock Products card shows numeric value. | M22: Not Run | N22: Medium | O22: Functional | P22: Chrome / Local
A23: TC-022 | B23: TS-DASH-006 | C23: FR-DASH-001 | E23: Dashboard | F23: Verify Refresh button reloads dashboard data | G23: Use Case Testing | H23: User is logged in successfully | I23: 1. Open Dashboard 2. Click Refresh button 3. Observe loading and refreshed data | J23: Existing product data | K23: Dashboard summary reloads successfully without page error. | M23: Not Run | N23: Low | O23: UI | P23: Chrome / Local
A24: TC-023 | B24: TS-DASH-005 | C24: FR-DASH-001 | D24: BR-011;BR-012 | E24: Dashboard | F24: Verify low-stock and out-of-stock counts follow stock rules | G24: Boundary Value Analysis | H24: Products exist with quantity 0, 1, 10, and 11 | I24: 1. Create/prepare products with boundary quantities 2. Open Dashboard 3. Compare displayed counts | J24: Quantity: 0, 1, 10, 11 | K24: Quantity 0 is counted as out-of-stock. Quantity 1 and 10 are counted as low-stock. Quantity 11 is not low-stock. | M24: Not Run | N24: High | O24: Business Rule | P24: Chrome / Local
A25: TC-024 | B25: TS-PROD-001 | C25: FR-PROD-001 | E25: Product Management | F25: Verify Product List page loads successfully | G25: Use Case Testing | H25: User is logged in successfully | I25: 1. Login 2. Open Product List page | J25: Existing product data | K25: Product List page is displayed with table, search, filters, and pagination. | M25: Not Run | N25: High | O25: Functional | P25: Chrome / Local
A26: TC-025 | B26: TS-PROD-002 | C26: FR-PROD-001 | E26: Product Management | F26: Verify Product List displays product columns correctly | G26: Use Case Testing | H26: User is logged in successfully | I26: 1. Open Product List 2. Observe table columns | J26: Existing product data | K26: Table displays ID, name, category, price, quantity, status, created date, and actions according to role. | M26: Not Run | N26: High | O26: UI | P26: Chrome / Local
A27: TC-026 | B27: TS-PROD-003 | C27: FR-PROD-002 | D27: BR-001;BR-002 | E27: Product Management | F27: Verify Admin can create product with valid data | G27: Equivalence Partitioning | H27: User is logged in as Admin | I27: 1. Open Create Product page 2. Enter valid product data 3. Click Save 4. Open Product List | J27: name=Laptop Dell QA category=Laptop price=15000000 quantity=10 status=ACTIVE | K27: Product is created successfully and appears in Product List. | M27: Not Run | N27: High | O27: Positive | P27: Chrome / Local
A28: TC-027 | B28: TS-PROD-004 | C28: FR-PROD-002 | D28: BR-013 | E28: Product Management | F28: Verify Staff cannot access Create Product page | G28: Role-Based Access Testing | H28: User is logged in as Staff | I28: 1. Open /products/create directly | J28: URL=/products/create | K28: Staff is redirected or access is denied. Create form is not accessible. | M28: Not Run | N28: High | O28: Security | P28: Chrome / Local
A29: TC-028 | B29: TS-PROD-004 | C29: FR-PROD-002 | D29: BR-013 | E29: Product Management | F29: Verify Staff cannot see Add Product button | G29: Role-Based Access Testing | H29: User is logged in as Staff | I29: 1. Open Product List 2. Observe action buttons | J29: Staff account | K29: Add Product button is not displayed. | M29: Not Run | N29: High | O29: Role-Based Access | P29: Chrome / Local
A30: TC-029 | B30: TS-PROD-005 | C30: FR-PROD-002 | D30: BR-001 | E30: Product Management | F30: Verify product name is required | G30: Validation Testing | H30: User is logged in as Admin | I30: 1. Open Create Product page 2. Enter test data 3. Click Save | J30: name=<empty> category=Laptop price=1000000 quantity=1 status=ACTIVE | K30: Product is not created. Product name required validation message is displayed. | M30: Not Run | N30: High | O30: Validation | P30: Chrome / Local
A31: TC-030 | B31: TS-PROD-006 | C31: FR-PROD-002 | D31: BR-001 | E31: Product Management | F31: Verify duplicate product name is rejected | G31: Equivalence Partitioning | H31: User is logged in as Admin | I31: 1. Open Create Product page 2. Enter test data 3. Click Save | J31: name=Existing Product Name category=Laptop price=1000000 quantity=1 status=ACTIVE | K31: Product is not created. Duplicate name error is displayed. | M31: Not Run | N31: High | O31: Validation | P31: Chrome / Local
A32: TC-031 | B32: TS-PROD-007 | C32: FR-PROD-002 | E32: Product Management | F32: Verify category is required | G32: Validation Testing | H32: User is logged in as Admin | I32: 1. Open Create Product page 2. Enter test data 3. Click Save | J32: name=Mouse QA category=<empty> price=1000000 quantity=1 status=ACTIVE | K32: Product is not created. Category required validation message is displayed. | M32: Not Run | N32: High | O32: Validation | P32: Chrome / Local
A33: TC-032 | B33: TS-PROD-008 | C33: FR-PROD-002 | D33: BR-002 | E33: Product Management | F33: Verify price is required | G33: Validation Testing | H33: User is logged in as Admin | I33: 1. Open Create Product page 2. Enter test data 3. Click Save | J33: name=Mouse QA category=Accessory price=<empty> quantity=1 status=ACTIVE | K33: Product is not created. Price required validation message is displayed. | M33: Not Run | N33: High | O33: Validation | P33: Chrome / Local
A34: TC-033 | B34: TS-PROD-008 | C34: FR-PROD-002 | D34: BR-002 | E34: Product Management | F34: Verify price cannot be 0 | G34: Boundary Value Analysis | H34: User is logged in as Admin | I34: 1. Open Create Product page 2. Enter test data 3. Click Save | J34: name=Mouse QA category=Accessory price=0 quantity=1 status=ACTIVE | K34: Product is not created. Price must be greater than 0. | M34: Not Run | N34: High | O34: Validation | P34: Chrome / Local
A35: TC-034 | B35: TS-PROD-008 | C35: FR-PROD-002 | D35: BR-002 | E35: Product Management | F35: Verify price cannot be negative | G35: Boundary Value Analysis | H35: User is logged in as Admin | I35: 1. Open Create Product page 2. Enter test data 3. Click Save | J35: name=Mouse QA category=Accessory price=-1 quantity=1 status=ACTIVE | K35: Product is not created. Price must be greater than 0. | M35: Not Run | N35: High | O35: Validation | P35: Chrome / Local
A36: TC-035 | B36: TS-PROD-009 | C36: FR-PROD-002 | D36: BR-003 | E36: Product Management | F36: Verify initial quantity is required | G36: Validation Testing | H36: User is logged in as Admin | I36: 1. Open Create Product page 2. Enter test data 3. Click Save | J36: name=Mouse QA category=Accessory price=1000000 quantity=<empty> status=ACTIVE | K36: Product is not created. Quantity required validation message is displayed. | M36: Not Run | N36: High | O36: Validation | P36: Chrome / Local
A37: TC-036 | B37: TS-PROD-009 | C37: FR-PROD-002 | D37: BR-003 | E37: Product Management | F37: Verify initial quantity can be 0 | G37: Boundary Value Analysis | H37: User is logged in as Admin | I37: 1. Open Create Product page 2. Enter test data 3. Click Save | J37: name=Mouse QA Zero category=Accessory price=1000000 quantity=0 status=ACTIVE | K37: Product is created successfully with quantity 0. | M37: Not Run | N37: High | O37: Validation | P37: Chrome / Local
A38: TC-037 | B38: TS-PROD-009 | C38: FR-PROD-002 | D38: BR-003 | E38: Product Management | F38: Verify initial quantity cannot be negative | G38: Boundary Value Analysis | H38: User is logged in as Admin | I38: 1. Open Create Product page 2. Enter test data 3. Click Save | J38: name=Mouse QA Negative category=Accessory price=1000000 quantity=-1 status=ACTIVE | K38: Product is not created. Quantity must be greater than or equal to 0. | M38: Not Run | N38: High | O38: Validation | P38: Chrome / Local
A39: TC-038 | B39: TS-PROD-010 | C39: FR-PROD-003 | E39: Product Management | F39: Verify Admin can update product name, category, price, and status | G39: Use Case Testing | H39: User is logged in as Admin | I39: 1. Open Product List 2. Click Edit on an existing product 3. Update editable fields 4. Click Save | J39: Updated name/category/price/status | K39: Product is updated successfully. Product List shows updated information. | M39: Not Run | N39: High | O39: Functional | P39: Chrome / Local
A40: TC-039 | B40: TS-PROD-011 | C40: FR-PROD-003 | D40: BR-004 | E40: Product Management | F40: Verify quantity cannot be edited directly on Product Edit page | G40: Business Rule Testing | H40: User is logged in as Admin | I40: 1. Open Product Edit page 2. Observe quantity field | J40: Existing product | K40: Quantity is displayed as current quantity but is not editable. | M40: Not Run | N40: High | O40: Business Rule | P40: Chrome / Local
A41: TC-040 | B41: TS-PROD-010 | C41: FR-PROD-003 | D41: BR-001 | E41: Product Management | F41: Verify duplicate product name is rejected when updating | G41: Equivalence Partitioning | H41: User is logged in as Admin | I41: 1. Edit Product A 2. Change name to existing Product B name 3. Click Save | J41: Product B name | K41: Product update is rejected. Duplicate product name error is displayed. | M41: Not Run | N41: High | O41: Negative | P41: Chrome / Local
A42: TC-041 | B42: TS-PROD-012 | C42: FR-PROD-005 | D42: BR-008 | E42: Product Management | F42: Verify Admin can change product status to INACTIVE | G42: State Transition Testing | H42: User is logged in as Admin | I42: 1. Edit active product 2. Change status to INACTIVE 3. Save 4. Open Product List | J42: Active product | K42: Product status changes from ACTIVE to INACTIVE successfully. | M42: Not Run | N42: Medium | O42: Functional | P42: Chrome / Local
A43: TC-042 | B43: TS-PROD-012 | C43: FR-PROD-005 | D43: BR-008 | E43: Product Management | F43: Verify Admin can change product status back to ACTIVE | G43: State Transition Testing | H43: User is logged in as Admin | I43: 1. Edit inactive product 2. Change status to ACTIVE 3. Save 4. Open Product List | J43: Inactive product | K43: Product status changes from INACTIVE to ACTIVE successfully. | M43: Not Run | N43: Medium | O43: Functional | P43: Chrome / Local
A44: TC-043 | B44: TS-PROD-013 | C44: FR-PROD-004 | D44: BR-009;BR-010 | E44: Product Management | F44: Verify Admin can delete product with quantity 0 and no history | G44: Decision Table Testing | H44: User is logged in as Admin | I44: 1. Create product with quantity 0 2. Do not create transactions 3. Click Delete 4. Confirm deletion | J44: quantity=0 no stock-in/out history | K44: Product is deleted successfully and no longer appears in Product List. | M44: Not Run | N44: High | O44: Functional | P44: Chrome / Local
A45: TC-044 | B45: TS-PROD-014 | C45: FR-PROD-004 | D45: BR-009 | E45: Product Management | F45: Verify Admin cannot delete product with quantity greater than 0 | G45: Decision Table Testing | H45: User is logged in as Admin | I45: 1. Select product with quantity > 0 2. Click Delete 3. Confirm deletion | J45: quantity=5 | K45: Product is not deleted. Business rule error message is displayed. | M45: Not Run | N45: High | O45: Business Rule | P45: Chrome / Local
A46: TC-045 | B46: TS-PROD-015 | C46: FR-PROD-004 | D46: BR-010 | E46: Product Management | F46: Verify Admin cannot delete product with stock-in history | G46: Decision Table Testing | H46: User is logged in as Admin | I46: 1. Select product with quantity 0 but has stock-in history 2. Click Delete 3. Confirm deletion | J46: quantity=0 has stock-in history | K46: Product is not deleted. Transaction history rule error message is displayed. | M46: Not Run | N46: High | O46: Business Rule | P46: Chrome / Local
A47: TC-046 | B47: TS-PROD-015 | C47: FR-PROD-004 | D47: BR-010 | E47: Product Management | F47: Verify Admin cannot delete product with stock-out history | G47: Decision Table Testing | H47: User is logged in as Admin | I47: 1. Select product with quantity 0 but has stock-out history 2. Click Delete 3. Confirm deletion | J47: quantity=0 has stock-out history | K47: Product is not deleted. Transaction history rule error message is displayed. | M47: Not Run | N47: High | O47: Business Rule | P47: Chrome / Local
A48: TC-047 | B48: TS-PROD-016 | C48: FR-PROD-001 | E48: Product Management | F48: Verify search product by exact name | G48: Equivalence Partitioning | H48: User is logged in successfully | I48: 1. Open Product List 2. Enter exact product name in search box 3. Submit search | J48: keyword=Laptop Dell QA | K48: Only matching product records are displayed. | M48: Not Run | N48: Medium | O48: Functional | P48: Chrome / Local
A49: TC-048 | B49: TS-PROD-016 | C49: FR-PROD-001 | E49: Product Management | F49: Verify search product by partial keyword | G49: Equivalence Partitioning | H49: User is logged in successfully | I49: 1. Open Product List 2. Enter partial keyword 3. Submit search | J49: keyword=Laptop | K49: Products containing keyword are displayed. | M49: Not Run | N49: Medium | O49: Functional | P49: Chrome / Local
A50: TC-049 | B50: TS-PROD-016 | C50: FR-PROD-001 | E50: Product Management | F50: Verify search product with no matching result | G50: Negative Testing | H50: User is logged in successfully | I50: 1. Open Product List 2. Enter nonexistent keyword 3. Submit search | J50: keyword=NoProductXYZ | K50: No matching product is displayed. Empty state is shown. | M50: Not Run | N50: Medium | O50: Functional | P50: Chrome / Local
A51: TC-050 | B51: TS-PROD-017 | C51: FR-PROD-001 | E51: Product Management | F51: Verify filter product by category | G51: Equivalence Partitioning | H51: User is logged in successfully | I51: 1. Open Product List 2. Select category filter | J51: category=Laptop | K51: Only products in selected category are displayed. | M51: Not Run | N51: Medium | O51: Functional | P51: Chrome / Local
A52: TC-051 | B52: TS-PROD-017 | C52: FR-PROD-001 | E52: Product Management | F52: Verify filter product by ACTIVE status | G52: Equivalence Partitioning | H52: User is logged in successfully | I52: 1. Open Product List 2. Select ACTIVE status filter | J52: status=ACTIVE | K52: Only ACTIVE products are displayed. | M52: Not Run | N52: Medium | O52: Functional | P52: Chrome / Local
A53: TC-052 | B53: TS-PROD-017 | C53: FR-PROD-001 | E53: Product Management | F53: Verify filter product by INACTIVE status | G53: Equivalence Partitioning | H53: User is logged in successfully | I53: 1. Open Product List 2. Select INACTIVE status filter | J53: status=INACTIVE | K53: Only INACTIVE products are displayed. | M53: Not Run | N53: Medium | O53: Functional | P53: Chrome / Local
A54: TC-053 | B54: TS-PROD-017 | C54: FR-PROD-001 | E54: Product Management | F54: Verify pagination works on Product List | G54: Use Case Testing | H54: User is logged in successfully | I54: 1. Prepare more than one page of products 2. Open Product List 3. Navigate next/previous page | J54: More than page size products | K54: Pagination changes page and displays correct records. | M54: Not Run | N54: Low | O54: UI | P54: Chrome / Local
A55: TC-054 | B55: TS-STIN-001 | C55: FR-STIN-001 | E55: Stock-In | F55: Verify Stock-In page loads successfully | G55: Use Case Testing | H55: User is logged in successfully | I55: 1. Login 2. Open Stock-In page | J55: Existing active product | K55: Stock-In page displays product dropdown, quantity field, note field, and submit button. | M55: Not Run | N55: High | O55: UI | P55: Chrome / Local
A56: TC-055 | B56: TS-STIN-002 | C56: FR-STIN-001 | D56: BR-005 | E56: Stock-In | F56: Verify Admin can create stock-in transaction with valid data | G56: Use Case Testing | H56: User is logged in as Admin; active product exists | I56: 1. Open Stock-In page 2. Select active product 3. Enter valid quantity 4. Enter note 5. Submit | J56: product=Active Product quantity=5 note=Import from supplier | K56: Stock-in succeeds. Success message is displayed. Product quantity increases by 5. | M56: Not Run | N56: High | O56: Positive | P56: Chrome / Local
A57: TC-056 | B57: TS-STIN-003 | C57: FR-STIN-001 | D57: BR-005 | E57: Stock-In | F57: Verify Staff can create stock-in transaction with valid data | G57: Role-Based Access Testing | H57: User is logged in as Staff; active product exists | I57: 1. Open Stock-In page 2. Select active product 3. Enter valid quantity 4. Submit | J57: product=Active Product quantity=5 | K57: Stock-in succeeds for Staff. Product quantity increases by 5. | M57: Not Run | N57: High | O57: Positive | P57: Chrome / Local
A58: TC-057 | B58: TS-STIN-004 | C58: FR-STIN-001 | E58: Stock-In | F58: Verify product is required for stock-in | G58: Validation Testing | H58: User is logged in; at least one ACTIVE product exists | I58: 1. Open Stock-In page 2. Leave product empty 3. Enter quantity 4. Submit | J58: product=<empty> quantity=5 | K58: Stock-in is not submitted. Product required validation message is displayed. | M58: Not Run | N58: High | O58: Validation | P58: Chrome / Local
A59: TC-058 | B59: TS-STIN-005 | C59: FR-STIN-001 | D59: BR-005 | E59: Stock-In | F59: Verify quantity is required for stock-in | G59: Validation Testing | H59: User is logged in; at least one ACTIVE product exists | I59: 1. Select active product 2. Leave quantity empty 3. Submit | J59: product=Active Product quantity=<empty> | K59: Stock-in is not submitted. Quantity required validation message is displayed. | M59: Not Run | N59: High | O59: Validation | P59: Chrome / Local
A60: TC-059 | B60: TS-STIN-006 | C60: FR-STIN-001 | D60: BR-005 | E60: Stock-In | F60: Verify stock-in quantity boundary value 0 | G60: Boundary Value Analysis | H60: User is logged in; at least one ACTIVE product exists | I60: 1. Select active product 2. Enter boundary quantity 3. Submit | J60: quantity=0 | K60: Stock-in is rejected. Quantity must be greater than 0. | M60: Not Run | N60: High | O60: Boundary | P60: Chrome / Local
A61: TC-060 | B61: TS-STIN-006 | C61: FR-STIN-001 | D61: BR-005 | E61: Stock-In | F61: Verify stock-in quantity boundary value -1 | G61: Boundary Value Analysis | H61: User is logged in; at least one ACTIVE product exists | I61: 1. Select active product 2. Enter boundary quantity 3. Submit | J61: quantity=-1 | K61: Stock-in is rejected. Quantity must be greater than 0. | M61: Not Run | N61: High | O61: Boundary | P61: Chrome / Local
A62: TC-061 | B62: TS-STIN-006 | C62: FR-STIN-001 | D62: BR-005 | E62: Stock-In | F62: Verify stock-in quantity boundary value 1 | G62: Boundary Value Analysis | H62: User is logged in; at least one ACTIVE product exists | I62: 1. Select active product 2. Enter boundary quantity 3. Submit | J62: quantity=1 | K62: Stock-in succeeds and product quantity increases by 1. | M62: Not Run | N62: High | O62: Boundary | P62: Chrome / Local
A63: TC-062 | B63: TS-STIN-007 | C63: FR-STIN-001 | D63: BR-008 | E63: Stock-In | F63: Verify inactive product cannot be selected for stock-in | G63: Equivalence Partitioning | H63: User is logged in; inactive product exists | I63: 1. Open Stock-In page 2. Check product dropdown | J63: inactive product | K63: Inactive product is not selectable in dropdown. | M63: Not Run | N63: High | O63: Business Rule | P63: Chrome / Local
A64: TC-063 | B64: TS-STIN-007 | C64: FR-STIN-001 | D64: BR-008 | E64: Stock-In | F64: Verify backend rejects stock-in with inactive product | G64: API / Negative Testing | H64: Inactive product exists; token is available | I64: 1. Send stock-in request with inactive product ID | J64: productId=inactiveProductId quantity=5 | K64: Request is rejected. Product must be active error is returned. | M64: Not Run | N64: High | O64: Business Rule | P64: Chrome / Local
A65: TC-064 | B65: TS-STIN-008 | C65: FR-STIN-001 | D65: BR-004;BR-005 | E65: Stock-In | F65: Verify product quantity increases correctly after stock-in | G65: Data Integrity Testing | H65: User is logged in; at least one ACTIVE product exists | I65: 1. Record current product quantity 2. Create stock-in quantity 5 3. Reopen Product List 4. Compare new quantity | J65: current=10 stock-in=5 | K65: New product quantity equals 15. | M65: Not Run | N65: High | O65: Data Integrity | P65: Chrome / Local
A66: TC-065 | B66: TS-STIN-009 | C66: FR-STIN-002 | E66: Stock-In | F66: Verify stock-in transaction is saved in history | G66: Use Case Testing | H66: User is logged in; at least one ACTIVE product exists | I66: 1. Create stock-in transaction 2. Open Stock-In History 3. Search product name | J66: stock-in quantity=5 | K66: Created transaction appears in Stock-In History with correct product, quantity, note, creator, and created date. | M66: Not Run | N66: High | O66: Functional | P66: Chrome / Local
A67: TC-066 | B67: TS-STIN-009 | C67: FR-STIN-002 | E67: Stock-In | F67: Verify stock-in detail modal displays correct information | G67: Use Case Testing | H67: User is logged in; at least one ACTIVE product exists | I67: 1. Open Stock-In History 2. Click detail action for transaction | J67: existing stock-in transaction | K67: Detail modal displays transaction ID, type, product ID, product name, quantity, note, created by, and created date. | M67: Not Run | N67: Medium | O67: Functional | P67: Chrome / Local
A68: TC-067 | B68: TS-STIN-006 | C68: FR-STIN-001 | D68: BR-005 | E68: Stock-In | F68: Verify stock-in with very large quantity | G68: Boundary Value Analysis | H68: User is logged in; at least one ACTIVE product exists | I68: 1. Select active product 2. Enter large quantity 3. Submit | J68: quantity=999999 | K68: System handles request according to backend limits without crash. If accepted, quantity increases correctly; if rejected, clear validation message is shown. | M68: Not Run | N68: Medium | O68: Boundary | P68: Chrome / Local
A69: TC-068 | B69: TS-STIN-001 | C69: NFR-USE-002 | E69: Stock-In | F69: Verify stock-in success message is displayed | G69: UI Testing | H69: User is logged in; at least one ACTIVE product exists | I69: 1. Create valid stock-in transaction 2. Observe message | J69: valid stock-in data | K69: Success message is displayed after successful stock-in. | M69: Not Run | N69: Low | O69: UI | P69: Chrome / Local
A70: TC-069 | B70: TS-STOUT-001 | C70: FR-STOUT-001 | E70: Stock-Out | F70: Verify Stock-Out page loads successfully | G70: Use Case Testing | H70: User is logged in successfully | I70: 1. Login 2. Open Stock-Out page | J70: Existing active product | K70: Stock-Out page displays product dropdown, current quantity information, quantity field, reason field, and submit button. | M70: Not Run | N70: High | O70: UI | P70: Chrome / Local
A71: TC-070 | B71: TS-STOUT-002 | C71: FR-STOUT-001 | D71: BR-006;BR-007 | E71: Stock-Out | F71: Verify Admin can create stock-out transaction with valid data | G71: Use Case Testing | H71: User is logged in as Admin; active product quantity is enough | I71: 1. Open Stock-Out page 2. Select active product 3. Enter valid quantity 4. Enter reason 5. Submit | J71: current=10 stock-out=3 | K71: Stock-out succeeds. Product quantity decreases from 10 to 7. | M71: Not Run | N71: High | O71: Positive | P71: Chrome / Local
A72: TC-071 | B72: TS-STOUT-003 | C72: FR-STOUT-001 | D72: BR-006;BR-007 | E72: Stock-Out | F72: Verify Staff can create stock-out transaction with valid data | G72: Role-Based Access Testing | H72: User is logged in as Staff; active product quantity is enough | I72: 1. Open Stock-Out page 2. Select active product 3. Enter valid quantity 4. Submit | J72: current=10 stock-out=3 | K72: Stock-out succeeds for Staff. Product quantity decreases correctly. | M72: Not Run | N72: High | O72: Positive | P72: Chrome / Local
A73: TC-072 | B73: TS-STOUT-004 | C73: FR-STOUT-001 | E73: Stock-Out | F73: Verify product is required for stock-out | G73: Validation Testing | H73: User is logged in successfully | I73: 1. Open Stock-Out page 2. Leave product empty 3. Enter quantity 4. Submit | J73: product=<empty> quantity=1 | K73: Stock-out is not submitted. Product required validation message is displayed. | M73: Not Run | N73: High | O73: Validation | P73: Chrome / Local
A74: TC-073 | B74: TS-STOUT-005 | C74: FR-STOUT-001 | D74: BR-006 | E74: Stock-Out | F74: Verify quantity is required for stock-out | G74: Validation Testing | H74: User is logged in successfully | I74: 1. Select active product 2. Leave quantity empty 3. Submit | J74: product=Active Product quantity=<empty> | K74: Stock-out is not submitted. Quantity required validation message is displayed. | M74: Not Run | N74: High | O74: Validation | P74: Chrome / Local
A75: TC-074 | B75: TS-STOUT-006 | C75: FR-STOUT-001 | D75: BR-006;BR-007 | E75: Stock-Out | F75: Verify stock-out boundary current 10 quantity 0 | G75: Boundary Value Analysis | H75: User is logged in successfully | I75: 1. Select product with known current quantity 2. Enter stock-out quantity 3. Submit | J75: current quantity=10 stock-out quantity=0 | K75: Stock-out is rejected. Quantity must be greater than 0. | M75: Not Run | N75: High | O75: Boundary | P75: Chrome / Local
A76: TC-075 | B76: TS-STOUT-006 | C76: FR-STOUT-001 | D76: BR-006;BR-007 | E76: Stock-Out | F76: Verify stock-out boundary current 10 quantity -1 | G76: Boundary Value Analysis | H76: User is logged in successfully | I76: 1. Select product with known current quantity 2. Enter stock-out quantity 3. Submit | J76: current quantity=10 stock-out quantity=-1 | K76: Stock-out is rejected. Quantity must be greater than 0. | M76: Not Run | N76: High | O76: Boundary | P76: Chrome / Local
A77: TC-076 | B77: TS-STOUT-007 | C77: FR-STOUT-001 | D77: BR-006;BR-007 | E77: Stock-Out | F77: Verify stock-out boundary current 10 quantity 1 | G77: Boundary Value Analysis | H77: User is logged in successfully | I77: 1. Select product with known current quantity 2. Enter stock-out quantity 3. Submit | J77: current quantity=10 stock-out quantity=1 | K77: Stock-out succeeds. Quantity decreases by 1. | M77: Not Run | N77: High | O77: Boundary | P77: Chrome / Local
A78: TC-077 | B78: TS-STOUT-007 | C78: FR-STOUT-001 | D78: BR-006;BR-007 | E78: Stock-Out | F78: Verify stock-out boundary current 10 quantity 10 | G78: Boundary Value Analysis | H78: User is logged in successfully | I78: 1. Select product with known current quantity 2. Enter stock-out quantity 3. Submit | J78: current quantity=10 stock-out quantity=10 | K78: Stock-out succeeds. Quantity becomes 0. | M78: Not Run | N78: High | O78: Boundary | P78: Chrome / Local
A79: TC-078 | B79: TS-STOUT-007 | C79: FR-STOUT-001 | D79: BR-006;BR-007 | E79: Stock-Out | F79: Verify stock-out boundary current 10 quantity 11 | G79: Boundary Value Analysis | H79: User is logged in successfully | I79: 1. Select product with known current quantity 2. Enter stock-out quantity 3. Submit | J79: current quantity=10 stock-out quantity=11 | K79: Stock-out is rejected. Quantity cannot exceed current inventory quantity. | M79: Not Run | N79: High | O79: Boundary | P79: Chrome / Local
A80: TC-079 | B80: TS-STOUT-008 | C80: FR-STOUT-001 | D80: BR-008 | E80: Stock-Out | F80: Verify inactive product cannot be selected for stock-out | G80: Equivalence Partitioning | H80: User is logged in; inactive product exists | I80: 1. Open Stock-Out page 2. Check product dropdown | J80: inactive product | K80: Inactive product is not selectable in dropdown. | M80: Not Run | N80: High | O80: Business Rule | P80: Chrome / Local
A81: TC-080 | B81: TS-STOUT-008 | C81: FR-STOUT-001 | D81: BR-008 | E81: Stock-Out | F81: Verify backend rejects stock-out with inactive product | G81: API / Negative Testing | H81: Inactive product exists; token is available | I81: 1. Send stock-out request with inactive product ID | J81: productId=inactiveProductId quantity=1 | K81: Request is rejected. Product must be active error is returned. | M81: Not Run | N81: High | O81: Business Rule | P81: Chrome / Local
A82: TC-081 | B82: TS-STOUT-009 | C82: FR-STOUT-001 | D82: BR-004;BR-007 | E82: Stock-Out | F82: Verify product quantity decreases correctly after stock-out | G82: Data Integrity Testing | H82: Active product quantity is 20 | I82: 1. Record current product quantity 2. Create stock-out quantity 5 3. Reopen Product List 4. Compare new quantity | J82: current=20 stock-out=5 | K82: New product quantity equals 15. | M82: Not Run | N82: High | O82: Data Integrity | P82: Chrome / Local
A83: TC-082 | B83: TS-STOUT-010 | C83: FR-STOUT-002 | E83: Stock-Out | F83: Verify stock-out transaction is saved in history | G83: Use Case Testing | H83: A valid stock-out transaction has been created | I83: 1. Open Stock-Out History 2. Search product name 3. Verify created transaction | J83: stock-out quantity=5 | K83: Created transaction appears in Stock-Out History with correct product, quantity, reason, creator, and created date. | M83: Not Run | N83: High | O83: Functional | P83: Chrome / Local
A84: TC-083 | B84: TS-STOUT-010 | C84: FR-STOUT-002 | E84: Stock-Out | F84: Verify stock-out detail modal displays correct information | G84: Use Case Testing | H84: Existing stock-out transaction exists | I84: 1. Open Stock-Out History 2. Click detail action | J84: existing stock-out transaction | K84: Detail modal displays transaction ID, type, product ID, product name, quantity, reason, created by, and created date. | M84: Not Run | N84: Medium | O84: Functional | P84: Chrome / Local
A85: TC-084 | B85: TS-STOUT-007 | C85: FR-STOUT-001 | D85: BR-007 | E85: Stock-Out | F85: Verify failed stock-out does not change product quantity | G85: Data Integrity Testing | H85: Active product quantity is 3 | I85: 1. Record current quantity 2. Try stock-out quantity 5 3. Reopen Product List 4. Compare quantity | J85: current=3 stock-out=5 | K85: Request is rejected and product quantity remains 3. | M85: Not Run | N85: High | O85: Data Integrity | P85: Chrome / Local
A86: TC-085 | B86: TS-STOUT-001 | C86: NFR-USE-002 | E86: Stock-Out | F86: Verify stock-out error message is clear when quantity exceeds stock | G86: UI Testing | H86: Active product quantity is 3 | I86: 1. Select product 2. Enter quantity 5 3. Submit | J86: current=3 stock-out=5 | K86: Clear error message is displayed: stock-out quantity cannot exceed current inventory quantity. | M86: Not Run | N86: High | O86: UI | P86: Chrome / Local
A87: TC-086 | B87: TS-HIS-001 | C87: FR-STIN-002 | E87: Transaction History | F87: Verify Stock-In History displays transaction list correctly | G87: Use Case Testing | H87: User is logged in; transactions exist | I87: 1. Open Stock-In History page 2. Observe transaction table | J87: existing stock-in transactions | K87: Stock-In History displays ID, type, product name, quantity, note/reason, created by, created date, and action columns. | M87: Not Run | N87: Medium | O87: Functional | P87: Chrome / Local
A88: TC-087 | B88: TS-HIS-002 | C88: FR-STOUT-002 | E88: Transaction History | F88: Verify Stock-Out History displays transaction list correctly | G88: Use Case Testing | H88: User is logged in; transactions exist | I88: 1. Open Stock-Out History page 2. Observe transaction table | J88: existing stock-out transactions | K88: Stock-Out History displays ID, type, product name, quantity, note/reason, created by, created date, and action columns. | M88: Not Run | N88: Medium | O88: Functional | P88: Chrome / Local
A89: TC-088 | B89: TS-HIS-003 | C89: FR-STIN-002 | E89: Transaction History | F89: Verify Stock-In History search by product name | G89: Equivalence Partitioning | H89: Stock-in transactions exist | I89: 1. Open Stock-In History 2. Enter product name 3. Search | J89: productName=Laptop | K89: Only stock-in transactions matching product name are displayed. | M89: Not Run | N89: Medium | O89: Functional | P89: Chrome / Local
A90: TC-089 | B90: TS-HIS-004 | C90: FR-STOUT-002 | E90: Transaction History | F90: Verify Stock-Out History search by product name | G90: Equivalence Partitioning | H90: Stock-out transactions exist | I90: 1. Open Stock-Out History 2. Enter product name 3. Search | J90: productName=Laptop | K90: Only stock-out transactions matching product name are displayed. | M90: Not Run | N90: Medium | O90: Functional | P90: Chrome / Local
A91: TC-090 | B91: TS-HIS-003 | C91: FR-STIN-002 | E91: Transaction History | F91: Verify Stock-In History search with no result | G91: Negative Testing | H91: Stock-in history page is available | I91: 1. Enter nonexistent product name 2. Search | J91: productName=NoProductXYZ | K91: Empty state is displayed. No unrelated transaction appears. | M91: Not Run | N91: Low | O91: Functional | P91: Chrome / Local
A92: TC-091 | B92: TS-HIS-004 | C92: FR-STOUT-002 | E92: Transaction History | F92: Verify Stock-Out History search with no result | G92: Negative Testing | H92: Stock-out history page is available | I92: 1. Enter nonexistent product name 2. Search | J92: productName=NoProductXYZ | K92: Empty state is displayed. No unrelated transaction appears. | M92: Not Run | N92: Low | O92: Functional | P92: Chrome / Local
A93: TC-092 | B93: TS-HIS-005 | C93: FR-STIN-002 | E93: Transaction History | F93: Verify Stock-In History date range filter | G93: Equivalence Partitioning | H93: Stock-in transactions exist across different dates | I93: 1. Open Stock-In History 2. Select fromDate and toDate 3. Apply filter | J93: fromDate=2026-06-01 toDate=2026-06-30 | K93: Only stock-in transactions within selected date range are displayed. | M93: Not Run | N93: Medium | O93: Functional | P93: Chrome / Local
A94: TC-093 | B94: TS-HIS-006 | C94: FR-STOUT-002 | E94: Transaction History | F94: Verify Stock-Out History date range filter | G94: Equivalence Partitioning | H94: Stock-out transactions exist across different dates | I94: 1. Open Stock-Out History 2. Select fromDate and toDate 3. Apply filter | J94: fromDate=2026-06-01 toDate=2026-06-30 | K94: Only stock-out transactions within selected date range are displayed. | M94: Not Run | N94: Medium | O94: Functional | P94: Chrome / Local
A95: TC-094 | B95: TS-HIS-005 | C95: FR-STIN-002 | E95: Transaction History | F95: Verify Stock-In History invalid date range behavior | G95: Error Guessing | H95: Stock-In History page is available | I95: 1. Select fromDate after toDate 2. Apply filter | J95: fromDate=2026-06-30 toDate=2026-06-01 | K95: System prevents invalid date range or displays clear message. System does not crash. | M95: Not Run | N95: Medium | O95: Validation | P95: Chrome / Local
A96: TC-095 | B96: TS-HIS-006 | C96: FR-STOUT-002 | E96: Transaction History | F96: Verify Stock-Out History invalid date range behavior | G96: Error Guessing | H96: Stock-Out History page is available | I96: 1. Select fromDate after toDate 2. Apply filter | J96: fromDate=2026-06-30 toDate=2026-06-01 | K96: System prevents invalid date range or displays clear message. System does not crash. | M96: Not Run | N96: Medium | O96: Validation | P96: Chrome / Local
A97: TC-096 | B97: TS-UI-008 | E97: Transaction History | F97: Verify pagination works in transaction history pages | G97: Use Case Testing | H97: More than one page of transactions exists | I97: 1. Open history page 2. Navigate next/previous page | J97: More than page size records | K97: Pagination works and displays correct records. | M97: Not Run | N97: Low | O97: UI | P97: Chrome / Local
A98: TC-097 | B98: TS-REP-001 | C98: FR-REP-001 | E98: Inventory Report | F98: Verify Inventory Report page loads successfully | G98: Use Case Testing | H98: User is logged in successfully | I98: 1. Login 2. Open Inventory Report page | J98: Existing product data | K98: Inventory Report page displays report table and summary cards. | M98: Not Run | N98: Medium | O98: UI | P98: Chrome / Local
A99: TC-098 | B99: TS-REP-002 | C99: FR-REP-001 | E99: Inventory Report | F99: Verify inventory report displays product quantity correctly | G99: Data Integrity Testing | H99: Products exist | I99: 1. Open Product List and record product quantity 2. Open Inventory Report 3. Compare quantity | J99: Product A quantity | K99: Inventory report quantity matches product list quantity. | M99: Not Run | N99: High | O99: Data Integrity | P99: Chrome / Local
A100: TC-099 | B100: TS-REP-003 | C100: FR-REP-001 | D100: BR-011;BR-012 | E100: Inventory Report | F100: Verify stock status when quantity is 11 | G100: Boundary Value Analysis | H100: Product exists with boundary quantity | I100: 1. Prepare product with test quantity 2. Open Inventory Report 3. Check stock status | J100: quantity=11 | K100: Stock status is displayed as IN_STOCK. | M100: Not Run | N100: High | O100: Business Rule | P100: Chrome / Local
...

Sheet Test Data
A1: Data ID | B1: Data Type | C1: Value / Example | D1: Purpose | E1: Related Module | F1: Notes
A2: TD-001 | B2: Admin Account | C2: admin / 123456 | D2: Login and Admin permission tests | E2: Authentication, Role-Based Access | F2: Seed account
A3: TD-002 | B3: Staff Account | C3: staff / 123456 | D3: Login and Staff permission tests | E3: Authentication, Role-Based Access | F3: Seed account
A4: TD-003 | B4: Valid Product | C4: Laptop Dell QA, Laptop, 15000000, 10, ACTIVE | D4: Create product positive case | E4: Product Management | F4: Name should be unique before execution
A5: TD-004 | B5: Duplicate Product | C5: Existing product name | D5: Duplicate name validation | E5: Product Management | F5: Use a product that already exists
A6: TD-005 | B6: Inactive Product | C6: Product status INACTIVE | D6: Inactive product business rule | E6: Stock-In, Stock-Out | F6: Cannot be used in new transactions
A7: TD-006 | B7: Out-of-stock Product | C7: Quantity = 0 | D7: Inventory report and stock-out boundary | E7: Inventory Report, Stock-Out | F7: OUT_OF_STOCK
A8: TD-007 | B8: Low-stock Product Lower Boundary | C8: Quantity = 1 | D8: Low-stock boundary | E8: Dashboard, Inventory Report | F8: LOW_STOCK
A9: TD-008 | B9: Low-stock Product Upper Boundary | C9: Quantity = 10 | D9: Low-stock boundary | E9: Dashboard, Inventory Report | F9: LOW_STOCK
A10: TD-009 | B10: In-stock Product Boundary | C10: Quantity = 11 | D10: In-stock boundary | E10: Dashboard, Inventory Report | F10: IN_STOCK
A11: TD-010 | B11: Invalid Price Zero | C11: 0 | D11: Price boundary validation | E11: Product Management | F11: Rejected
A12: TD-011 | B12: Invalid Price Negative | C12: -1 | D12: Price boundary validation | E12: Product Management | F12: Rejected
... A19: TD-018 | B19: No Result Keyword | C19: NoProductXYZ | D19: Empty state verification | E19: Product Management, History | F19: No matching records

Sheet Techniques
A1: Technique | B1: How it is used in this workbook | C1: Example in StockFlow
A2: Equivalence Partitioning | B2: Split input data into valid and invalid groups. | C2: Valid login vs invalid username/password; active vs inactive product.
A3: Boundary Value Analysis | B3: Test values at and around boundaries. | C3: Price 0/-1; quantity 0/1/10/11; stock-out equal to current stock and greater than current stock.
A4: Decision Table Testing | B4: Combine conditions and actions for business rules. | C4: Delete product: quantity > 0, has history, quantity = 0 and no history.
A5: State Transition Testing | B5: Verify behavior when system changes state. | C5: Login -> logged in -> logout; product ACTIVE -> INACTIVE -> ACTIVE.
A6: Use Case Testing | B6: Verify complete user flows. | C6: Create product; create stock-in; create stock-out; view report.
A7: Error Guessing | B7: Use experience to test likely error-prone cases. | C7: Blank spaces, SQL injection-like input, invalid date range, network/API error.
A8: Role-Based Access Testing | B8: Verify permissions by role. | C8: Admin can create/edit/delete products; Staff cannot access Admin-only actions.
A9: Data Integrity Testing | B9: Verify UI/API actions produce correct database or data changes. | C9: Quantity increases/decreases correctly; failed stock-out does not change quantity.
A10: UI Testing | B10: Verify visual states and messages. | C10: Loading state, empty state, confirmation modal, active sidebar menu.
A11: Validation Testing | B11: Verify required fields and invalid values. | C11: Required username/password/product fields; invalid price and quantity.

Sheet Lists
A1: Module | B1: Priority | C1: Status | D1: Test Type | E1: Technique
A2: Authentication | B2: High | C2: Not Run | D2: Positive | E2: Equivalence Partitioning
A3: Dashboard | B3: Medium | C3: Pass | D3: Negative | E3: Boundary Value Analysis
A4: Product Management | B4: Low | C4: Fail | D4: Functional | E4: Decision Table Testing
A5: Stock-In | C5: Blocked | D5: Validation | E5: State Transition Testing
A6: Stock-Out | C6: Retest | D6: Boundary | E6: Use Case Testing
A7: Transaction History | C7: Skipped | D7: Business Rule | E7: Error Guessing
A8: Inventory Report | D8: Role-Based Access | E8: Role-Based Access Testing
A9: Role-Based Access | D9: Security | E9: Data Integrity Testing
A10: UI and Validation | D10: UI | E10: UI Testing
D11: Data Integrity | E11: Validation Testing
D12: API Authorization | E12: API / Security Testing
E13: API / Negative Testing
E14: Negative Testing
E15: Business Rule Testing
